{
  "system": {
    "python": "3.13.7",
    "platform": "Windows-11-10.0.26200-SP0",
    "processor": "Intel64 Family 6 Model 141 Stepping 1, GenuineIntel",
    "cpu_count": 12
  },
  "latency": {
    "vision_cnn": {
      "n": 200,
      "mean_ms": 60.606029499322176,
      "std_ms": 4.854188405030045,
      "p50_ms": 60.66185003146529,
      "p95_ms": 65.14312000363134,
      "min_ms": 53.54449991136789,
      "max_ms": 96.84780007228255
    },
    "ser_cnn_bilstm": {
      "n": 100,
      "mean_ms": 77.10078599164262,
      "std_ms": 4.130737344042015,
      "p50_ms": 77.49744999455288,
      "p95_ms": 83.33724001422524,
      "min_ms": 68.95490002352744,
      "max_ms": 97.54990006331354
    },
    "nlp_classifier": {
      "n": 200,
      "mean_ms": 5.95877300016582,
      "std_ms": 1.1415909452340878,
      "p50_ms": 5.600900040008128,
      "p95_ms": 8.469084982061759,
      "min_ms": 4.80469991452992,
      "max_ms": 11.268800008110702
    },
    "silero_vad_per_chunk": {
      "n": 500,
      "mean_ms": 0.3579838005825877,
      "std_ms": 0.2529374478031739,
      "p50_ms": 0.30524999601766467,
      "p95_ms": 0.47221498680301,
      "min_ms": 0.2734999870881438,
      "max_ms": 2.6684999465942383
    },
    "face_detection_mediapipe": {
      "n": 100,
      "mean_ms": 5.001595998182893,
      "std_ms": 0.5169491220583365,
      "p50_ms": 4.918399965390563,
      "p95_ms": 5.817945022135973,
      "min_ms": 4.291999968700111,
      "max_ms": 8.061000029556453
    },
    "vosk_en_3s_full_decode": {
      "n": 20,
      "mean_ms": 473.71787999290973,
      "std_ms": 11.968586299348766,
      "p50_ms": 474.7475499752909,
      "p95_ms": 497.28274497319944,
      "min_ms": 450.72079997044057,
      "max_ms": 498.8891000393778
    },
    "fusion_tick": {
      "n": 1000,
      "mean_ms": 0.010862799477763474,
      "std_ms": 0.01511620814222043,
      "p50_ms": 0.008600065484642982,
      "p95_ms": 0.017000013031065464,
      "min_ms": 0.007899943739175797,
      "max_ms": 0.4629000322893262
    }
  },
  "model_sizes_mb": {
    "vision_cnn": 13.986111640930176,
    "ser_cnn_bilstm": 14.903225898742676,
    "nlp_classifier": 5.778590202331543,
    "vosk_en": 67.61452388763428,
    "vosk_tr": 56.04552745819092,
    "silero_vad_onnx": 7.384529113769531,
    "_total": 165.71250820159912
  }
}